,reason_1,reason_2,reason_3,reason_4,Date,Transportation Expense,Distance to Work,Daily Work Load Average,Body Mass Index,Education,Children,Pets,Absenteeism Time in Hours,Month Value,Day Of week
0,0,0,0,1,2015-07-07,289,36,239.554,30,0,2,1,4,7,1
1,0,0,0,0,2015-07-14,118,13,239.554,31,0,1,0,0,7,1
2,0,0,0,1,2015-07-15,179,51,239.554,31,0,0,0,2,7,2
3,1,0,0,0,2015-07-16,279,5,239.554,24,0,2,0,4,7,3
4,0,0,0,1,2015-07-23,289,36,239.554,30,0,2,1,2,7,3
5,0,0,0,1,2015-07-10,179,51,239.554,31,0,0,0,2,7,4
6,0,0,0,1,2015-07-17,361,52,239.554,27,0,1,4,8,7,4
7,0,0,0,1,2015-07-24,260,50,239.554,23,0,4,0,4,7,4
8,0,0,1,0,2015-07-06,155,12,239.554,25,0,2,0,40,7,0
9,0,0,0,1,2015-07-13,235,11,239.554,29,1,1,1,8,7,0
10,1,0,0,0,2015-07-20,260,50,239.554,23,0,4,0,8,7,0
11,1,0,0,0,2015-07-14,260,50,239.554,23,0,4,0,8,7,1
12,1,0,0,0,2015-07-15,260,50,239.554,23,0,4,0,8,7,2
13,1,0,0,0,2015-07-15,179,51,239.554,31,0,0,0,1,7,2
14,0,0,0,1,2015-07-15,179,51,239.554,31,0,0,0,4,7,2
15,1,0,0,0,2015-07-17,246,25,239.554,23,0,0,0,8,7,4
16,0,0,0,1,2015-07-17,179,51,239.554,31,0,0,0,2,7,4
17,0,0,1,0,2015-07-27,179,51,239.554,31,0,0,0,8,7,0
18,1,0,0,0,2015-07-30,189,29,239.554,25,0,2,2,8,7,3
19,0,0,0,1,2015-08-05,248,25,205.917,32,0,2,1,2,7,2
20,1,0,0,0,2015-08-12,330,16,205.917,25,1,0,0,8,7,2
21,1,0,0,0,2015-08-03,179,51,205.917,31,0,0,0,1,7,0
22,1,0,0,0,2015-08-10,361,52,205.917,27,0,1,4,40,7,0
23,0,0,0,1,2015-08-14,260,50,205.917,23,0,4,0,4,7,4
24,0,0,1,0,2015-08-17,289,36,205.917,30,0,2,1,8,7,0
25,0,0,0,1,2015-08-24,361,52,205.917,27,0,1,4,7,7,0
26,0,0,0,1,2015-08-04,289,36,205.917,30,0,2,1,1,7,1
27,0,0,0,1,2015-08-12,157,27,205.917,22,0,0,0,4,7,2
28,0,0,1,0,2015-08-19,289,36,205.917,30,0,2,1,8,7,2
29,0,0,0,1,2015-08-28,179,51,205.917,31,0,0,0,2,7,4
30,0,0,1,0,2015-08-17,179,51,205.917,31,0,0,0,8,7,0
31,0,0,1,0,2015-08-27,235,29,205.917,33,0,1,5,8,7,3
32,0,0,0,1,2015-08-27,235,11,205.917,29,1,1,1,4,7,3
33,0,0,1,0,2015-08-17,235,29,205.917,33,0,1,5,8,7,0
34,0,0,0,1,2015-08-17,179,51,205.917,31,0,0,0,2,7,0
35,0,0,0,1,2015-08-17,361,52,205.917,27,0,1,4,1,7,0
36,0,0,0,1,2015-08-04,289,36,205.917,30,0,2,1,8,7,1
37,1,0,0,0,2015-08-20,291,50,205.917,23,0,0,0,4,7,3
38,0,0,0,1,2015-08-21,235,29,205.917,33,0,1,5,8,7,4
39,0,0,0,1,2015-08-28,260,50,205.917,23,0,4,0,4,7,4
40,0,0,0,1,2015-09-01,184,42,241.476,21,0,0,0,2,7,1
41,0,0,0,1,2015-09-07,118,10,241.476,28,0,0,0,4,7,0
42,0,0,0,1,2015-09-01,179,51,241.476,31,0,0,0,4,7,1
43,0,0,1,0,2015-09-08,235,20,241.476,38,0,1,0,8,7,1
44,0,0,0,1,2015-09-09,155,12,241.476,25,0,2,0,2,7,2
45,0,0,0,1,2015-09-13,118,10,241.476,28,0,0,0,3,7,6
46,0,0,0,1,2015-09-14,179,51,241.476,31,0,0,0,3,7,0
47,0,0,0,1,2015-09-24,291,31,241.476,25,0,1,1,4,7,3
48,0,0,0,1,2015-09-04,260,50,241.476,23,0,4,0,8,7,4
49,1,0,0,0,2015-09-14,291,31,241.476,25,0,1,1,32,7,0
50,0,0,0,0,2015-09-21,260,50,241.476,23,0,4,0,0,7,0
51,0,0,0,0,2015-09-28,225,26,241.476,24,0,1,2,0,7,0
52,0,0,0,1,2015-09-08,225,26,241.476,24,0,1,2,2,7,1
53,0,0,0,1,2015-09-15,118,10,241.476,28,0,0,0,2,7,1
54,0,0,0,0,2015-09-22,289,36,241.476,30,0,2,1,0,7,1
55,0,0,0,0,2015-09-29,118,13,241.476,31,0,1,0,0,7,1
56,0,0,1,0,2015-09-16,225,26,241.476,24,0,1,2,3,7,2
57,0,0,0,1,2015-09-23,179,51,241.476,31,0,0,0,3,7,2
58,0,0,0,0,2015-09-30,369,17,241.476,25,0,3,0,0,7,2
59,0,0,0,1,2015-09-11,248,25,241.476,32,0,2,1,1,7,4
60,0,0,0,1,2015-09-18,179,51,241.476,31,0,0,0,3,7,4
61,0,0,0,1,2015-09-25,260,50,241.476,23,0,4,0,4,7,4
62,0,0,0,1,2015-10-06,179,51,253.465,31,0,0,0,3,7,1
63,0,0,0,1,2015-10-13,118,10,253.465,28,0,0,0,3,7,1
64,0,0,0,0,2015-10-14,118,13,253.465,31,0,1,0,0,7,2
65,0,0,0,1,2015-10-15,179,26,253.465,19,1,0,0,1,7,3
66,0,0,0,1,2015-10-16,179,51,253.465,31,0,0,0,3,7,4
67,0,0,0,1,2015-10-16,225,26,253.465,24,0,1,2,3,7,4
68,0,0,0,1,2015-10-06,118,10,253.465,28,0,0,0,3,7,1
69,0,0,0,1,2015-10-14,225,26,253.465,24,0,1,2,2,7,2
70,0,0,0,1,2015-10-21,248,25,253.465,32,0,2,1,2,7,2
71,0,0,0,1,2015-10-22,291,31,253.465,25,0,1,1,5,7,3
72,0,0,0,1,2015-10-21,179,51,253.465,31,0,0,0,8,7,2
73,0,0,0,1,2015-10-21,225,26,253.465,24,0,1,2,3,7,2
74,0,0,1,0,2015-10-22,260,50,253.465,23,0,4,0,16,7,3
75,1,0,0,0,2015-10-13,291,31,253.465,25,0,1,1,8,7,1
76,0,0,0,1,2015-10-20,225,26,253.465,24,0,1,2,2,7,1
77,0,0,0,1,2015-10-21,289,36,253.465,30,0,2,1,8,7,2
78,0,0,0,1,2015-10-23,361,52,253.465,27,0,1,4,1,7,4
79,0,0,0,1,2015-10-30,260,50,253.465,23,0,4,0,3,7,4
80,0,0,0,1,2015-11-05,179,51,306.345,31,0,0,0,1,7,3
81,0,0,0,1,2015-11-04,225,26,306.345,24,0,1,2,1,7,2
82,1,0,0,0,2015-11-05,179,51,306.345,31,0,0,0,8,7,3
83,0,0,1,0,2015-11-12,179,22,306.345,22,1,2,0,8,7,3
84,0,0,0,1,2015-11-19,291,31,306.345,25,0,1,1,5,7,3
85,1,0,0,0,2015-11-02,155,12,306.345,25,0,2,0,32,7,0
86,0,0,0,1,2015-11-09,189,29,306.345,25,0,2,2,8,7,0
87,1,0,0,0,2015-11-16,291,31,306.345,25,0,1,1,40,7,0
88,0,0,0,1,2015-11-18,225,26,306.345,24,0,1,2,1,7,2
89,1,0,0,0,2015-11-20,155,12,306.345,25,0,2,0,8,7,4
90,0,0,0,1,2015-11-18,225,26,306.345,24,0,1,2,3,7,2
91,0,0,1,0,2015-11-25,179,22,306.345,22,1,2,0,8,7,2
92,1,0,0,0,2015-11-20,225,26,306.345,24,0,1,2,3,7,4
93,0,0,0,1,2015-11-27,260,50,306.345,23,0,4,0,4,7,4
94,0,0,0,1,2015-11-02,248,25,306.345,32,0,2,1,1,7,0
95,0,0,0,1,2015-11-10,225,26,306.345,24,0,1,2,3,7,1
96,1,0,0,0,2015-11-11,289,36,306.345,30,0,2,1,24,7,2
97,0,0,0,1,2015-11-26,291,31,306.345,25,0,1,1,3,7,3
98,0,0,0,1,2015-12-01,248,25,261.306,32,0,2,1,1,7,1
99,0,0,1,0,2015-12-01,118,10,261.306,28,0,0,0,64,7,1
100,0,0,0,1,2015-12-02,118,13,261.306,31,0,1,0,2,7,2
101,0,0,0,1,2015-12-02,235,11,261.306,29,1,1,1,8,7,2
102,0,0,0,1,2015-12-03,225,26,261.306,24,0,1,2,2,7,3
103,0,0,0,1,2015-12-04,260,50,261.306,23,0,4,0,8,7,4
104,0,0,1,0,2015-12-08,118,10,261.306,28,0,0,0,56,7,1
105,0,0,0,1,2015-12-09,361,52,261.306,27,0,1,4,8,7,2
106,0,0,0,1,2015-12-10,225,26,261.306,24,0,1,2,3,7,3
107,0,0,0,1,2015-12-11,260,50,261.306,23,0,4,0,3,7,4
108,0,0,0,1,2015-12-15,225,26,261.306,24,0,1,2,2,7,1
109,0,0,0,1,2015-12-16,361,52,261.306,27,0,1,4,8,7,2
110,0,0,0,1,2015-12-11,118,10,261.306,28,0,0,0,2,7,4
111,0,0,1,0,2015-12-18,246,25,261.306,23,0,0,0,8,7,4
112,0,0,0,1,2015-12-18,225,26,261.306,24,0,1,2,2,7,4
113,0,0,0,1,2016-01-06,225,26,308.593,24,0,1,2,1,7,2
114,0,0,1,0,2016-01-04,118,10,308.593,28,0,0,0,1,7,0
115,0,0,0,1,2016-01-05,118,10,308.593,28,0,0,0,1,7,1
116,0,0,1,0,2016-01-05,155,12,308.593,25,0,2,0,8,7,1
117,0,0,0,1,2016-01-06,225,26,308.593,24,0,1,2,2,7,2
118,0,0,0,1,2016-01-07,184,42,308.593,21,0,0,0,2,7,3
119,0,0,0,1,2016-01-07,225,26,308.593,24,0,1,2,2,7,3
120,0,0,0,1,2016-01-08,225,26,308.593,24,0,1,2,1,7,4
121,0,0,0,1,2016-01-11,118,10,308.593,28,0,0,0,2,7,0
122,0,0,0,1,2016-01-12,225,26,308.593,24,0,1,2,2,7,1
123,0,0,0,1,2016-01-12,118,10,308.593,28,0,0,0,2,7,1
124,0,0,0,1,2016-01-13,118,10,308.593,28,0,0,0,2,7,2
125,0,0,0,1,2016-01-14,118,10,308.593,28,0,0,0,2,7,3
126,0,0,0,1,2016-01-15,118,10,308.593,28,0,0,0,2,7,4
127,0,0,0,1,2016-01-11,118,10,308.593,28,0,0,0,2,7,0
128,0,0,0,1,2016-01-12,118,10,308.593,28,0,0,0,2,7,1
129,0,0,1,0,2016-01-12,179,26,308.593,19,1,0,0,8,7,1
130,0,0,1,0,2016-01-12,289,36,308.593,30,0,2,1,8,7,1
131,0,0,0,1,2016-01-13,118,10,308.593,28,0,0,0,2,7,2
132,0,0,0,1,2016-01-21,184,42,308.593,21,0,0,0,2,7,3
133,0,0,0,1,2016-01-28,118,10,308.593,28,0,0,0,2,7,3
134,0,0,0,1,2016-01-25,118,10,308.593,28,0,0,0,0,7,0
135,0,0,0,1,2016-01-26,225,26,308.593,24,0,1,2,1,7,1
136,0,0,0,1,2016-01-28,289,36,308.593,30,0,2,1,3,7,3
137,0,0,0,1,2016-02-05,184,42,302.585,21,0,0,0,1,7,4
138,1,0,0,0,2016-02-03,246,25,302.585,23,0,0,0,8,7,2
139,1,0,0,0,2016-02-10,179,51,302.585,31,0,0,0,8,7,2
140,0,0,0,1,2016-02-11,155,12,302.585,25,0,2,0,2,7,3
141,0,0,0,1,2016-02-11,189,29,302.585,25,0,2,2,8,7,3
142,0,0,0,1,2016-02-12,260,50,302.585,23,0,4,0,2,7,4
143,0,0,0,1,2016-02-12,289,36,302.585,30,0,2,1,8,7,4
144,1,0,0,0,2016-02-08,388,15,302.585,24,0,0,0,8,7,0
145,1,0,0,0,2016-02-09,388,15,302.585,24,0,0,0,8,7,1
146,0,0,0,1,2016-02-15,225,26,302.585,24,0,1,2,2,7,0
147,0,0,0,1,2016-02-09,225,26,302.585,24,0,1,2,2,7,1
148,0,0,0,1,2016-02-16,179,26,302.585,19,1,0,0,1,7,1
149,0,0,0,1,2016-02-23,184,42,302.585,21,0,0,0,8,7,1
150,0,0,0,1,2016-02-25,225,26,302.585,24,0,1,2,3,7,3
151,0,0,1,0,2016-02-15,330,16,302.585,25,1,0,0,8,7,0
152,0,0,0,1,2016-02-16,330,16,302.585,25,1,0,0,1,7,1
153,0,0,0,1,2016-02-17,225,26,302.585,24,0,1,2,1,7,2
154,0,0,1,0,2016-02-25,189,29,302.585,25,0,2,2,8,7,3
155,0,0,0,1,2016-03-01,291,50,343.253,23,0,0,0,2,7,1
156,0,0,1,0,2016-03-01,260,50,343.253,23,0,4,0,8,7,1
157,0,0,1,0,2016-03-08,157,27,343.253,22,0,0,0,3,7,1
158,0,1,0,0,2016-03-15,179,22,343.253,22,1,2,0,8,7,1
159,0,0,0,1,2016-03-16,291,31,343.253,25,0,1,1,8,7,2
160,1,0,0,0,2016-03-02,260,50,343.253,23,0,4,0,8,7,2
161,1,0,0,0,2016-03-03,179,26,343.253,19,1,0,0,8,7,3
162,1,0,0,0,2016-03-04,248,25,343.253,32,0,2,1,3,7,4
163,1,0,0,0,2016-03-04,260,50,343.253,23,0,4,0,40,7,4
164,1,0,0,0,2016-03-07,179,22,343.253,22,1,2,0,40,7,0
165,1,0,0,0,2016-03-14,155,12,343.253,25,0,2,0,16,7,0
166,0,0,0,1,2016-03-21,260,50,343.253,23,0,4,0,16,7,0
167,1,0,0,0,2016-03-22,155,12,343.253,25,0,2,0,8,7,1
168,1,0,0,0,2016-03-24,289,36,343.253,30,0,2,1,8,7,3
169,1,0,0,0,2016-03-24,179,22,343.253,22,1,2,0,8,7,3
170,0,0,0,1,2016-03-25,260,50,343.253,23,0,4,0,4,7,4
171,0,0,0,1,2016-03-25,225,26,343.253,24,0,1,2,1,7,4
172,1,0,0,0,2016-03-28,279,5,343.253,24,0,2,0,8,7,0
173,1,0,0,0,2016-03-29,179,51,343.253,31,0,0,0,24,7,1
174,0,0,0,1,2016-03-30,225,26,343.253,24,0,1,2,2,7,2
175,1,0,0,0,2016-03-28,225,26,343.253,24,0,1,2,8,7,0
176,1,0,0,0,2016-03-28,179,26,343.253,19,1,0,0,1,7,0
177,1,0,0,0,2016-03-29,225,26,343.253,24,0,1,2,8,7,1
178,1,0,0,0,2016-03-30,225,26,343.253,24,0,1,2,16,7,2
179,1,0,0,0,2016-03-30,179,51,343.253,31,0,0,0,3,7,2
180,1,0,0,0,2016-03-17,279,5,343.253,24,0,2,0,16,7,3
181,0,0,0,1,2016-03-18,225,26,343.253,24,0,1,2,2,7,4
182,1,0,0,0,2016-03-25,248,25,343.253,32,0,2,1,3,7,4
183,0,0,0,1,2016-03-28,225,26,343.253,24,0,1,2,1,7,0
184,0,0,0,1,2016-04-06,291,31,326.452,25,0,1,1,1,7,2
185,0,0,0,1,2016-04-13,225,26,326.452,24,0,1,2,1,7,2
186,0,0,0,1,2016-04-12,155,12,326.452,25,0,2,0,1,7,1
187,1,0,0,0,2016-04-13,246,25,326.452,23,0,0,0,24,7,2
188,0,0,0,1,2016-04-14,155,12,326.452,25,0,2,0,1,7,3
189,0,0,0,1,2016-04-15,225,26,326.452,24,0,1,2,2,7,4
190,0,0,0,1,2016-04-15,260,50,326.452,23,0,4,0,4,7,4
191,1,0,0,0,2016-04-06,179,51,326.452,31,0,0,0,24,7,2
192,0,0,0,1,2016-04-07,118,13,326.452,31,0,1,0,1,7,3
193,0,0,0,1,2016-04-08,291,31,326.452,25,0,1,1,3,7,4
194,1,0,0,0,2016-04-08,246,25,326.452,23,0,0,0,8,7,4
195,0,0,0,1,2016-04-22,291,31,326.452,25,0,1,1,1,7,4
196,0,0,0,1,2016-04-29,248,25,326.452,32,0,2,1,8,7,4
197,0,0,1,0,2016-04-29,260,50,326.452,23,0,4,0,56,7,4
198,0,0,1,0,2016-04-26,289,36,326.452,30,0,2,1,8,7,1
199,1,0,0,0,2016-04-27,155,12,326.452,25,0,2,0,24,7,2
200,0,0,1,0,2016-04-27,378,49,326.452,21,0,2,4,8,7,2
201,1,0,0,0,2016-04-28,289,36,326.452,30,0,2,1,16,7,3
202,1,0,0,0,2016-04-08,235,11,326.452,29,1,1,1,3,7,4
203,0,0,0,0,2016-04-04,235,29,326.452,33,0,1,5,0,7,0
204,1,0,0,0,2016-05-04,289,36,378.884,30,0,2,1,8,7,2
205,0,0,0,1,2016-05-05,155,12,378.884,25,0,2,0,2,7,3
206,0,0,0,1,2016-05-02,155,12,378.884,25,0,2,0,1,7,0
207,0,0,1,0,2016-05-03,179,51,378.884,31,0,0,0,8,7,1
208,0,0,1,0,2016-05-03,225,26,378.884,24,0,1,2,8,7,1
209,1,0,0,0,2016-05-11,184,42,378.884,21,0,0,0,4,7,2
210,0,0,0,1,2016-05-09,155,12,378.884,25,0,2,0,2,7,0
211,1,0,0,0,2016-05-10,179,51,378.884,31,0,0,0,1,7,1
212,1,0,0,0,2016-05-04,289,36,378.884,30,0,2,1,24,7,2
213,0,0,0,0,2016-05-11,279,5,378.884,24,0,2,0,0,7,2
214,0,0,0,0,2016-05-18,330,16,378.884,25,1,0,0,0,7,2
215,0,0,0,0,2016-05-25,378,49,378.884,21,0,2,4,0,7,2
216,0,0,0,0,2016-05-25,388,15,378.884,24,0,0,0,0,7,2
217,1,0,0,0,2016-05-24,179,51,378.884,31,0,0,0,1,7,1
218,1,0,0,0,2016-05-11,118,13,378.884,31,0,1,0,24,7,2
219,0,0,0,1,2016-05-27,361,52,378.884,27,0,1,4,8,7,4
220,0,0,1,0,2016-06-06,246,25,377.55,23,0,0,0,8,7,0
221,0,0,0,1,2016-06-13,361,52,377.55,27,0,1,4,8,7,0
222,1,0,0,0,2016-06-14,246,25,377.55,23,0,0,0,24,7,1
223,0,0,0,1,2016-06-16,291,31,377.55,25,0,1,1,4,7,3
224,1,0,0,0,2016-06-17,246,25,377.55,23,0,0,0,8,7,4
225,1,0,0,0,2016-06-13,179,51,377.55,31,0,0,0,8,7,0
226,0,0,0,1,2016-06-20,155,12,377.55,25,0,2,0,4,7,0
227,1,0,0,0,2016-06-27,246,25,377.55,23,0,0,0,8,7,0
228,1,0,0,0,2016-06-29,118,13,377.55,31,0,1,0,8,7,2
229,1,0,0,0,2016-06-03,235,11,377.55,29,1,1,1,16,7,4
230,0,0,0,1,2016-06-07,118,13,377.55,31,0,1,0,1,7,1
231,1,0,0,0,2016-06-08,118,13,377.55,31,0,1,0,80,7,2
232,0,0,0,1,2016-06-09,378,49,377.55,21,0,2,4,8,7,3
233,1,0,0,0,2016-06-10,179,51,377.55,31,0,0,0,2,7,4
234,0,0,0,1,2016-06-20,289,48,377.55,36,0,0,2,2,7,0
235,0,0,0,1,2016-06-30,225,26,377.55,24,0,1,2,2,7,3
236,0,0,1,0,2016-07-05,155,12,275.312,25,0,2,0,16,7,1
237,1,0,0,0,2016-07-06,118,13,275.312,31,0,1,0,8,7,2
238,1,0,0,0,2016-07-08,118,10,275.312,28,0,0,0,8,7,4
239,0,0,0,1,2016-07-08,118,10,275.312,28,0,0,0,4,7,4
240,0,0,0,1,2016-07-12,330,16,275.312,25,1,0,0,8,7,1
241,0,0,1,0,2016-07-14,179,26,275.312,19,1,0,0,8,7,3
242,0,0,0,1,2016-07-15,155,12,275.312,25,0,2,0,2,7,4
243,1,0,0,0,2016-07-18,330,16,275.312,25,1,0,0,8,7,0
244,1,0,0,0,2016-07-19,330,16,275.312,25,1,0,0,8,7,1
245,0,0,0,1,2016-07-18,157,27,275.312,22,0,0,0,3,7,0
246,0,0,0,1,2016-07-19,361,52,275.312,27,0,1,4,8,7,1
247,0,0,0,1,2016-07-20,289,36,275.312,30,0,2,1,8,7,2
248,0,0,0,1,2016-07-21,179,51,275.312,31,0,0,0,8,7,3
249,0,0,1,0,2016-07-11,289,36,275.312,30,0,2,1,32,7,0
250,0,0,1,0,2016-07-14,289,36,275.312,30,0,2,1,8,7,3
251,0,0,0,0,2016-07-21,260,50,275.312,23,0,4,0,0,7,3
252,0,0,1,0,2016-08-04,289,36,265.615,30,0,2,1,8,7,3
253,0,0,1,0,2016-08-11,157,27,265.615,22,0,0,0,3,7,3
254,0,0,0,1,2016-08-07,289,36,265.615,30,0,2,1,1,7,6
255,0,0,1,0,2016-08-08,228,14,265.615,22,0,2,1,8,7,0
256,1,0,0,0,2016-08-10,300,26,265.615,25,0,2,1,1,7,2
257,1,0,0,0,2016-08-10,300,26,265.615,25,0,2,1,2,7,2
258,0,0,0,1,2016-08-11,260,50,265.615,23,0,4,0,4,7,3
259,0,0,0,1,2016-08-08,289,36,265.615,30,0,2,1,4,7,0
260,0,0,0,1,2016-08-09,248,25,265.615,32,0,2,1,1,7,1
261,1,0,0,0,2016-08-10,268,11,265.615,25,1,0,0,8,7,2
262,0,0,0,1,2016-08-10,179,26,265.615,19,1,0,0,1,7,2
263,1,0,0,0,2016-08-10,118,13,265.615,31,0,1,0,3,7,2
264,0,0,0,1,2016-08-14,248,25,265.615,32,0,2,1,2,7,6
265,0,0,0,1,2016-08-15,235,11,265.615,29,1,1,1,1,7,0
266,0,0,0,1,2016-08-17,118,13,265.615,31,0,1,0,1,7,2
267,0,0,1,0,2016-08-24,235,11,265.615,29,1,1,1,8,7,2
268,1,0,0,0,2016-08-08,361,52,265.615,27,0,1,4,8,7,0
269,1,0,0,0,2016-08-30,184,42,265.615,21,0,0,0,8,7,1
270,1,0,0,0,2016-09-05,179,51,294.217,31,0,0,0,8,7,0
271,0,0,0,1,2016-09-09,179,51,294.217,31,0,0,0,3,7,4
272,0,0,1,0,2016-09-07,289,36,294.217,30,0,2,1,24,7,2
273,0,0,0,0,2016-09-08,235,20,294.217,38,0,1,0,0,7,3
274,1,0,0,0,2016-09-12,246,25,294.217,23,0,0,0,16,7,0
275,0,0,0,1,2016-09-13,291,31,294.217,25,0,1,1,3,7,1
276,0,0,0,0,2016-09-13,231,35,294.217,35,0,2,2,0,7,1
277,0,0,0,0,2016-09-13,291,50,294.217,23,0,0,0,0,7,1
278,1,0,0,0,2016-09-14,179,51,294.217,31,0,0,0,8,7,2
279,1,0,0,0,2016-09-14,246,25,294.217,23,0,0,0,32,7,2
280,0,0,0,1,2016-09-15,179,51,294.217,31,0,0,0,1,7,3
281,0,0,0,1,2016-09-16,291,31,294.217,25,0,1,1,4,7,4
282,0,0,0,1,2016-09-16,260,50,294.217,23,0,4,0,4,7,4
283,0,0,0,1,2016-09-14,235,20,294.217,38,0,1,0,8,7,2
284,0,0,0,1,2016-09-15,118,13,294.217,31,0,1,0,1,7,3
285,0,0,0,0,2016-09-15,235,20,294.217,38,0,1,0,0,7,3
286,0,0,0,1,2016-09-16,291,31,294.217,25,0,1,1,3,7,4
287,1,0,0,0,2016-09-26,291,31,294.217,25,0,1,1,40,7,0
288,1,0,0,0,2016-09-26,179,51,294.217,31,0,0,0,8,7,0
289,0,0,0,1,2016-10-05,289,36,265.017,30,0,2,1,8,7,2
290,0,0,0,1,2016-10-05,235,11,265.017,29,1,1,1,4,7,2
291,0,0,0,1,2016-10-05,289,36,265.017,30,0,2,1,8,7,2
292,0,0,0,1,2016-10-06,289,36,265.017,30,0,2,1,8,7,3
293,0,0,0,0,2016-10-06,118,13,265.017,31,0,1,0,0,7,3
294,0,0,0,0,2016-10-06,248,25,265.017,32,0,2,1,0,7,3
295,1,0,0,0,2016-10-12,179,26,265.017,19,1,0,0,8,7,2
296,1,0,0,0,2016-10-12,118,10,265.017,28,0,0,0,3,7,2
297,0,0,0,1,2016-10-12,369,17,265.017,25,0,3,0,8,7,2
298,0,0,0,1,2016-10-14,179,51,265.017,31,0,0,0,1,7,4
299,1,0,0,0,2016-10-14,179,26,265.017,19,1,0,0,64,7,4
300,0,0,0,0,2016-10-14,235,20,265.017,38,0,1,0,0,7,4
301,0,0,1,0,2016-10-15,289,36,265.017,30,0,2,1,16,7,5
302,0,0,0,1,2016-10-16,260,50,265.017,23,0,4,0,3,7,6
303,0,0,0,0,2016-10-16,235,20,265.017,38,0,1,0,0,7,6
304,0,0,0,1,2016-10-19,235,20,265.017,38,0,1,0,2,7,2
305,0,0,0,1,2016-10-19,235,20,265.017,38,0,1,0,2,7,2
306,0,0,0,1,2016-10-20,118,13,265.017,31,0,1,0,1,7,3
307,0,0,0,1,2016-10-20,291,31,265.017,25,0,1,1,4,7,3
308,0,0,0,1,2016-10-22,179,26,265.017,19,1,0,0,16,7,5
309,0,0,0,1,2016-10-22,118,13,265.017,31,0,1,0,1,7,5
310,1,0,0,0,2016-10-26,361,52,265.017,27,0,1,4,8,7,2
311,0,0,0,0,2016-10-27,260,50,265.017,23,0,4,0,0,7,3
312,0,0,0,0,2016-10-27,291,31,265.017,25,0,1,1,0,7,3
313,0,0,0,0,2016-10-27,157,27,265.017,22,0,0,0,0,7,3
314,1,0,0,0,2016-10-28,179,26,265.017,19,1,0,0,5,7,4
315,1,0,0,0,2016-10-28,179,26,265.017,19,1,0,0,5,7,4
316,0,0,0,1,2016-10-29,118,13,265.017,31,0,1,0,1,7,5
317,1,0,0,0,2016-11-07,118,10,284.031,28,0,0,0,8,7,0
318,0,0,0,1,2016-11-07,248,25,284.031,32,0,2,1,2,7,0
319,1,0,0,0,2016-11-08,179,51,284.031,31,0,0,0,8,7,1
320,0,0,0,1,2016-11-11,260,50,284.031,23,0,4,0,3,7,4
321,0,0,0,1,2016-11-14,291,31,284.031,25,0,1,1,1,7,0
322,1,0,0,0,2016-11-14,378,49,284.031,21,0,2,4,8,7,0
323,1,0,0,0,2016-11-14,155,12,284.031,25,0,2,0,120,7,0
324,0,0,0,1,2016-11-14,235,20,284.031,38,0,1,0,8,7,0
325,0,0,0,0,2016-11-15,330,16,284.031,25,1,0,0,0,7,1
326,0,0,1,0,2016-11-16,235,11,284.031,29,1,1,1,1,7,2
327,1,0,0,0,2016-11-16,118,10,284.031,28,0,0,0,3,7,2
328,0,0,0,1,2016-11-17,235,11,284.031,29,1,1,1,2,7,3
329,0,0,0,1,2016-11-17,179,51,284.031,31,0,0,0,3,7,3
330,1,0,0,0,2016-11-18,246,25,284.031,23,0,0,0,8,7,4
331,1,0,0,0,2016-11-18,291,31,284.031,25,0,1,1,4,7,4
332,1,0,0,0,2016-11-21,246,25,284.031,23,0,0,0,8,7,0
333,0,0,0,1,2016-11-22,179,51,284.031,31,0,0,0,1,7,1
334,1,0,0,0,2016-11-23,260,50,284.031,23,0,4,0,8,7,2
335,0,1,0,0,2016-11-25,260,50,284.031,23,0,4,0,8,7,4
336,0,0,0,0,2016-11-25,378,49,284.031,21,0,2,4,0,7,4
337,0,0,0,0,2016-11-29,279,5,284.031,24,0,2,0,0,7,1
338,0,0,0,1,2016-11-24,179,51,284.031,31,0,0,0,1,7,3
339,1,0,0,0,2016-12-05,225,26,236.629,24,0,1,2,3,7,0
340,0,0,0,1,2016-12-05,179,51,236.629,31,0,0,0,2,7,0
341,0,0,0,1,2016-12-05,179,51,236.629,31,0,0,0,1,7,0
342,0,0,0,1,2016-12-05,235,11,236.629,29,1,1,1,3,7,0
343,0,0,0,1,2016-12-06,118,13,236.629,31,0,1,0,1,7,1
344,0,0,0,1,2016-12-09,260,50,236.629,23,0,4,0,4,7,4
345,1,0,0,0,2016-12-15,246,25,236.629,23,0,0,0,8,7,3
346,0,0,0,1,2016-12-15,179,51,236.629,31,0,0,0,1,7,3
347,0,0,0,1,2016-12-16,179,51,236.629,31,0,0,0,1,7,4
348,0,0,0,1,2016-12-20,179,26,236.629,19,1,0,0,1,7,1
349,0,0,0,1,2016-12-20,118,10,236.629,28,0,0,0,8,7,1
350,0,0,0,1,2016-12-22,235,11,236.629,29,1,1,1,2,7,3
351,0,0,0,1,2016-12-23,179,51,236.629,31,0,0,0,1,7,4
352,1,0,0,0,2016-12-20,235,20,236.629,38,0,1,0,8,7,1
353,1,0,0,0,2016-12-20,235,11,236.629,29,1,1,1,4,7,1
354,0,0,0,1,2016-12-21,260,50,236.629,23,0,4,0,8,7,2
355,0,0,0,1,2016-12-19,157,27,236.629,22,0,0,0,2,7,0
356,0,0,0,1,2016-12-19,179,51,236.629,31,0,0,0,3,7,0
357,0,0,1,0,2016-12-19,289,36,236.629,30,0,2,1,8,7,0
358,0,0,0,1,2017-01-04,225,26,330.061,24,0,1,2,5,7,2
359,0,0,1,0,2017-01-09,118,10,330.061,28,0,0,0,32,7,0
360,0,0,0,1,2017-01-09,155,12,330.061,25,0,2,0,2,7,0
361,1,0,0,0,2017-01-03,235,11,330.061,29,1,1,1,1,7,1
362,0,0,0,1,2017-01-03,155,12,330.061,25,0,2,0,4,7,1
363,0,0,0,1,2017-01-09,289,36,330.061,30,0,2,1,8,7,0
364,1,0,0,0,2017-01-11,291,31,330.061,25,0,1,1,8,7,2
365,0,0,0,1,2017-01-16,235,20,330.061,38,0,1,0,8,7,0
366,0,0,0,1,2017-01-16,118,13,330.061,31,0,1,0,4,7,0
367,0,0,0,1,2017-01-25,179,51,330.061,31,0,0,0,1,7,2
368,0,0,0,1,2017-01-27,179,51,330.061,31,0,0,0,1,7,4
369,0,0,0,1,2017-02-07,118,10,251.818,28,0,0,0,2,7,1
370,0,0,0,1,2017-02-01,179,51,251.818,31,0,0,0,3,7,2
371,1,0,0,0,2017-02-01,225,26,251.818,24,0,1,2,1,7,2
372,0,0,0,1,2017-02-03,289,36,251.818,30,0,2,1,3,7,4
373,0,0,0,1,2017-02-10,260,50,251.818,23,0,4,0,3,7,4
374,0,0,0,1,2017-02-17,179,51,251.818,31,0,0,0,3,7,4
375,0,0,0,1,2017-02-13,179,51,251.818,31,0,0,0,2,7,0
376,0,0,0,1,2017-02-15,179,51,251.818,31,0,0,0,3,7,2
377,1,0,0,0,2017-02-16,179,51,251.818,31,0,0,0,8,7,3
378,0,0,0,1,2017-02-16,246,25,251.818,23,0,0,0,8,7,3
379,0,0,0,1,2017-02-17,179,51,251.818,31,0,0,0,3,7,4
380,0,0,0,1,2017-02-13,189,29,251.818,25,0,2,2,8,7,0
381,0,0,0,1,2017-02-13,179,51,251.818,31,0,0,0,3,7,0
382,0,0,0,1,2017-02-21,246,25,251.818,23,0,0,0,2,7,1
383,0,0,0,1,2017-02-21,291,31,251.818,25,0,1,1,2,7,1
384,1,0,0,0,2017-02-22,157,27,251.818,22,0,0,0,16,7,2
385,0,0,0,1,2017-02-22,179,51,251.818,31,0,0,0,3,7,2
386,0,0,0,1,2017-02-24,179,51,251.818,31,0,0,0,3,7,4
387,1,0,0,0,2017-02-24,246,25,251.818,23,0,0,0,24,7,4
388,0,0,0,1,2017-02-22,179,51,251.818,31,0,0,0,3,7,2
389,0,0,0,1,2017-02-24,179,51,251.818,31,0,0,0,3,7,4
390,0,0,1,0,2017-03-07,118,10,244.387,28,0,0,0,8,7,1
391,0,0,1,0,2017-03-08,246,25,244.387,23,0,0,0,16,7,2
392,0,0,0,1,2017-03-10,246,25,244.387,23,0,0,0,2,7,4
393,0,0,0,1,2017-03-10,260,50,244.387,23,0,4,0,4,7,4
394,0,0,0,1,2017-03-13,179,51,244.387,31,0,0,0,2,7,0
395,0,0,0,1,2017-03-13,235,11,244.387,29,1,1,1,8,7,0
396,0,0,0,1,2017-03-14,179,22,244.387,22,1,2,0,8,7,1
397,0,0,0,1,2017-03-14,378,49,244.387,21,0,2,4,8,7,1
398,0,0,0,1,2017-03-20,179,51,244.387,31,0,0,0,16,7,0
399,0,0,0,1,2017-03-22,361,52,244.387,27,0,1,4,8,7,2
400,0,0,0,0,2017-03-22,369,17,244.387,25,0,3,0,0,7,2
401,0,0,1,0,2017-03-23,235,11,244.387,29,1,1,1,8,7,3
402,0,0,0,1,2017-03-24,118,13,244.387,31,0,1,0,2,7,4
403,1,0,0,0,2017-03-28,118,13,244.387,31,0,1,0,3,7,1
404,1,0,0,0,2017-03-29,118,13,244.387,31,0,1,0,8,7,2
405,0,0,0,0,2017-03-30,235,11,244.387,29,1,1,1,0,7,3
406,0,0,0,0,2017-03-30,246,25,244.387,23,0,0,0,0,7,3
407,0,0,0,0,2017-03-30,118,13,244.387,31,0,1,0,0,7,3
408,0,0,0,1,2017-03-31,179,51,244.387,31,0,0,0,8,7,4
409,0,0,0,1,2017-03-31,289,36,244.387,30,0,2,1,8,7,4
410,0,0,1,0,2017-03-27,260,50,244.387,23,0,4,0,8,7,0
411,0,0,0,1,2017-03-28,246,25,244.387,23,0,0,0,2,7,1
412,0,0,0,1,2017-04-05,179,51,239.409,31,0,0,0,4,7,2
413,0,0,0,1,2017-04-07,260,50,239.409,23,0,4,0,3,7,4
414,0,0,0,1,2017-04-07,330,16,239.409,25,1,0,0,4,7,4
415,0,0,0,1,2017-04-10,369,17,239.409,25,0,3,0,4,7,0
416,0,0,0,1,2017-04-10,248,25,239.409,32,0,2,1,4,7,0
417,0,0,0,1,2017-04-12,330,16,239.409,25,1,0,0,8,7,2
418,0,0,0,1,2017-04-12,179,51,239.409,31,0,0,0,8,7,2
419,0,0,0,1,2017-04-17,118,13,239.409,31,0,1,0,1,7,0
420,1,0,0,0,2017-04-19,118,13,239.409,31,0,1,0,120,7,2
421,0,0,0,1,2017-04-28,300,26,239.409,25,0,2,1,8,7,4
422,0,0,0,1,2017-04-28,260,50,239.409,23,0,4,0,4,7,4
423,0,0,0,1,2017-04-24,179,51,239.409,31,0,0,0,4,7,0
424,1,0,0,0,2017-04-26,118,10,239.409,28,0,0,0,2,7,2
425,1,0,0,0,2017-05-01,235,20,246.074,38,0,1,0,16,7,0
426,0,0,0,1,2017-05-03,248,25,246.074,32,0,2,1,2,7,2
427,1,0,0,0,2017-05-08,369,17,246.074,25,0,3,0,8,7,0
428,0,0,0,1,2017-05-10,179,26,246.074,19,1,0,0,3,7,2
429,0,0,0,1,2017-05-10,179,51,246.074,31,0,0,0,4,7,2
430,0,0,0,1,2017-05-11,361,52,246.074,27,0,1,4,1,7,3
431,0,0,0,1,2017-05-12,260,50,246.074,23,0,4,0,3,7,4
432,1,0,0,0,2017-05-15,179,22,246.074,22,1,2,0,2,7,0
433,1,0,0,0,2017-05-15,179,22,246.074,22,1,2,0,3,7,0
434,0,0,1,0,2017-05-17,228,14,246.074,22,0,2,1,8,7,2
435,0,0,0,1,2017-05-17,225,26,246.074,24,0,1,2,3,7,2
436,1,0,0,0,2017-05-19,330,16,246.074,25,1,0,0,8,7,4
437,0,0,0,1,2017-05-22,179,26,246.074,19,1,0,0,2,7,0
438,0,0,0,1,2017-05-22,118,10,246.074,28,0,0,0,1,7,0
439,1,0,0,0,2017-05-29,235,11,246.074,29,1,1,1,8,7,0
440,0,0,0,1,2017-05-31,179,26,246.074,19,1,0,0,3,7,2
441,0,0,0,1,2017-06-05,118,10,253.957,28,0,0,0,3,7,0
442,0,0,0,1,2017-06-05,179,51,253.957,31,0,0,0,3,7,0
443,0,0,0,1,2017-06-06,118,10,253.957,28,0,0,0,2,7,1
444,0,0,0,1,2017-06-08,225,26,253.957,24,0,1,2,4,7,3
445,0,0,0,1,2017-06-09,260,50,253.957,23,0,4,0,4,7,4
446,0,0,0,0,2017-06-09,179,51,253.957,31,0,0,0,0,7,4
447,1,0,0,0,2017-06-12,291,31,253.957,25,0,1,1,40,7,0
448,0,0,0,1,2017-06-12,179,51,253.957,31,0,0,0,24,7,0
449,0,0,0,1,2017-06-13,246,25,253.957,23,0,0,0,3,7,1
450,0,0,0,1,2017-06-19,179,51,253.957,31,0,0,0,4,7,0
451,0,0,0,1,2017-06-20,235,20,253.957,38,0,1,0,8,7,1
452,0,0,0,1,2017-06-26,179,51,253.957,31,0,0,0,2,7,0
453,0,0,0,1,2017-06-28,225,26,253.957,24,0,1,2,2,7,2
454,0,0,0,1,2017-06-28,118,13,253.957,31,0,1,0,2,7,2
455,1,0,0,0,2017-06-28,179,51,253.957,31,0,0,0,8,7,2
456,0,0,1,0,2017-06-28,179,26,253.957,19,1,0,0,2,7,2
457,0,0,0,1,2017-06-30,246,25,253.957,23,0,0,0,2,7,4
458,1,0,0,0,2017-06-27,330,16,253.957,25,1,0,0,1,7,1
459,1,0,0,0,2017-06-27,235,11,253.957,29,1,1,1,8,7,1
460,0,0,0,1,2017-07-06,179,26,230.29,19,1,0,0,2,7,3
461,0,0,0,1,2017-07-06,225,26,230.29,24,0,1,2,4,7,3
462,1,0,0,0,2017-07-07,260,50,230.29,23,0,4,0,8,7,4
463,1,0,0,0,2017-07-10,268,11,230.29,25,1,0,0,8,7,0
464,0,0,0,1,2017-07-14,330,16,230.29,25,1,0,0,8,7,4
465,0,0,0,1,2017-07-14,118,10,230.29,28,0,0,0,8,7,4
466,0,0,0,1,2017-07-17,260,50,230.29,23,0,4,0,4,7,0
467,0,0,0,1,2017-07-18,118,10,230.29,28,0,0,0,8,7,1
468,0,1,0,0,2017-07-24,300,26,230.29,25,0,2,1,8,7,0
469,0,0,0,1,2017-07-24,235,29,230.29,33,0,1,5,1,7,0
470,0,0,0,1,2017-07-25,246,25,230.29,23,0,0,0,2,7,1
471,1,0,0,0,2017-07-25,225,26,230.29,24,0,1,2,112,7,1
472,0,0,0,1,2017-07-25,179,51,230.29,31,0,0,0,1,7,1
473,0,0,0,1,2017-07-28,118,13,230.29,31,0,1,0,1,7,4
474,0,0,0,1,2017-07-28,361,52,230.29,27,0,1,4,8,7,4
475,0,0,0,1,2017-07-24,289,36,230.29,30,0,2,1,8,7,0
476,0,0,0,1,2017-07-24,235,20,230.29,38,0,1,0,8,7,0
477,0,0,0,1,2017-07-25,246,25,230.29,23,0,0,0,2,7,1
478,0,0,0,1,2017-07-27,291,31,230.29,25,0,1,1,1,7,3
479,0,0,0,1,2017-07-27,279,5,230.29,24,0,2,0,2,7,3
480,0,0,0,1,2017-08-03,179,51,249.797,31,0,0,0,4,7,3
481,0,0,0,1,2017-08-07,179,22,249.797,22,1,2,0,1,7,0
482,0,0,0,1,2017-08-08,246,25,249.797,23,0,0,0,4,7,1
483,0,0,0,1,2017-08-08,118,10,249.797,28,0,0,0,4,7,1
484,0,0,0,1,2017-08-08,289,36,249.797,30,0,2,1,8,7,1
485,0,0,0,1,2017-08-08,235,20,249.797,38,0,1,0,8,7,1
486,0,0,0,1,2017-08-10,291,31,249.797,25,0,1,1,4,7,3
487,0,0,0,1,2017-08-14,179,51,249.797,31,0,0,0,4,7,0
488,0,0,0,1,2017-08-15,179,22,249.797,22,1,2,0,8,7,1
489,0,0,0,1,2017-08-17,330,16,249.797,25,1,0,0,16,7,3
490,0,0,0,1,2017-08-22,235,11,249.797,29,1,1,1,4,7,1
491,0,0,0,1,2017-08-22,246,25,249.797,23,0,0,0,1,7,1
492,0,0,0,1,2017-08-22,118,10,249.797,28,0,0,0,5,7,1
493,0,0,0,1,2017-08-24,291,31,249.797,25,0,1,1,2,7,3
494,0,0,0,1,2017-08-28,260,50,249.797,23,0,4,0,3,7,0
495,0,0,0,1,2017-09-05,246,25,261.756,23,0,0,0,1,7,1
496,0,0,0,1,2017-09-05,246,25,261.756,23,0,0,0,1,7,1
497,0,0,0,1,2017-09-05,118,10,261.756,28,0,0,0,3,7,1
498,0,0,0,1,2017-09-05,155,12,261.756,25,0,2,0,2,7,1
499,0,0,0,1,2017-09-07,291,31,261.756,25,0,1,1,2,7,3
500,0,0,0,1,2017-09-08,179,26,261.756,19,1,0,0,8,7,4
501,0,0,0,1,2017-09-08,248,25,261.756,32,0,2,1,1,7,4
502,0,0,0,1,2017-09-11,179,51,261.756,31,0,0,0,4,7,0
503,0,0,0,1,2017-09-13,225,26,261.756,24,0,1,2,1,7,2
504,0,0,0,1,2017-09-18,179,26,261.756,19,1,0,0,2,7,0
505,0,0,0,1,2017-09-19,369,17,261.756,25,0,3,0,8,7,1
506,0,0,0,1,2017-09-26,361,52,261.756,27,0,1,4,8,7,1
507,1,0,0,0,2017-10-05,289,48,284.853,36,0,0,2,1,7,3
508,1,0,0,0,2017-10-05,235,16,284.853,25,1,0,0,3,7,3
509,0,0,0,1,2017-10-06,246,25,284.853,23,0,0,0,8,7,4
510,1,0,0,0,2017-10-11,289,48,284.853,36,0,0,2,3,7,2
511,0,0,0,1,2017-10-11,291,31,284.853,25,0,1,1,2,7,2
512,0,0,0,1,2017-10-17,118,10,284.853,28,0,0,0,2,7,1
513,0,0,0,1,2017-10-19,289,48,284.853,36,0,0,2,2,7,3
514,0,0,0,1,2017-10-20,291,31,284.853,25,0,1,1,1,7,4
515,0,0,0,1,2017-10-24,225,26,284.853,24,0,1,2,2,7,1
516,0,0,0,1,2017-10-24,369,17,284.853,25,0,3,0,8,7,1
517,0,0,0,1,2017-10-24,369,17,284.853,25,0,3,0,3,7,1
518,0,0,0,1,2017-10-24,225,26,284.853,24,0,1,2,4,7,1
519,0,0,0,1,2017-10-24,369,17,284.853,25,0,3,0,8,7,1
520,0,0,0,1,2017-10-25,179,51,284.853,31,0,0,0,3,7,2
521,1,0,0,0,2017-10-25,228,14,284.853,22,0,2,1,1,7,2
522,0,0,0,1,2017-10-25,291,31,284.853,25,0,1,1,1,7,2
523,1,0,0,0,2017-10-26,369,17,284.853,25,0,3,0,8,7,3
524,1,0,0,0,2017-10-26,225,26,284.853,24,0,1,2,1,7,3
525,1,0,0,0,2017-10-27,369,17,284.853,25,0,3,0,8,7,4
526,1,0,0,0,2017-10-27,225,26,284.853,24,0,1,2,3,7,4
527,0,0,0,1,2017-10-29,189,29,284.853,25,0,2,2,8,7,6
528,1,0,0,0,2017-10-29,235,16,284.853,25,1,0,0,8,7,6
529,1,0,0,0,2017-10-29,248,25,284.853,32,0,2,1,8,7,6
530,0,0,0,0,2017-10-29,225,26,284.853,24,0,1,2,0,7,6
531,1,0,0,0,2017-10-31,225,26,284.853,24,0,1,2,3,7,1
532,0,0,1,0,2017-11-07,179,51,268.519,31,0,0,0,1,7,1
533,0,0,0,1,2017-11-08,118,10,268.519,28,0,0,0,3,7,2
534,1,0,0,0,2017-11-08,330,16,268.519,25,1,0,0,24,7,2
535,0,0,0,1,2017-11-10,179,51,268.519,31,0,0,0,1,7,4
536,1,0,0,0,2017-11-14,118,10,268.519,28,0,0,0,8,7,1
537,0,0,0,1,2017-11-15,289,36,268.519,30,0,2,1,8,7,2
538,1,0,0,0,2017-11-17,235,16,268.519,25,1,0,0,8,7,4
539,0,0,0,1,2017-11-17,225,26,268.519,24,0,1,2,4,7,4
540,0,0,0,1,2017-11-21,361,52,268.519,27,0,1,4,8,7,1
541,0,0,0,1,2017-11-22,291,31,268.519,25,0,1,1,2,7,2
542,1,0,0,0,2017-11-23,118,10,268.519,28,0,0,0,2,7,3
543,1,0,0,0,2017-11-23,225,26,268.519,24,0,1,2,3,7,3
544,0,0,0,1,2017-11-27,179,51,268.519,31,0,0,0,1,7,0
545,0,0,0,1,2017-11-27,118,10,268.519,28,0,0,0,8,7,0
546,1,0,0,0,2017-11-28,118,10,268.519,28,0,0,0,8,7,1
547,0,0,0,1,2017-11-28,225,26,268.519,24,0,1,2,2,7,1
548,0,0,0,0,2017-11-28,291,31,268.519,25,0,1,1,0,7,1
549,0,0,0,0,2017-11-29,289,36,268.519,30,0,2,1,0,7,2
550,1,0,0,0,2017-11-30,248,25,268.519,32,0,2,1,4,7,3
551,0,0,0,0,2017-11-30,235,20,268.519,38,0,1,0,0,7,3
552,0,0,0,1,2017-11-24,225,26,268.519,24,0,1,2,2,7,4
553,0,0,0,1,2017-11-24,369,17,268.519,25,0,3,0,8,7,4
554,0,0,0,1,2017-11-27,361,52,268.519,27,0,1,4,2,7,0
555,1,0,0,0,2017-12-05,179,51,280.549,31,0,0,0,32,7,1
556,0,0,0,1,2017-12-06,291,31,280.549,25,0,1,1,1,7,2
557,0,0,0,1,2017-12-06,225,26,280.549,24,0,1,2,3,7,2
558,1,0,0,0,2017-12-08,179,26,280.549,19,1,0,0,1,7,4
559,0,0,0,1,2017-12-08,225,26,280.549,24,0,1,2,3,7,4
560,0,0,0,1,2017-12-13,225,26,280.549,24,0,1,2,3,7,2
561,1,0,0,0,2017-12-14,361,52,280.549,27,0,1,4,4,7,3
562,0,0,1,0,2017-12-15,179,22,280.549,22,1,2,0,2,7,4
563,0,0,0,1,2017-12-15,235,20,280.549,38,0,1,0,8,7,4
564,0,0,1,0,2017-12-18,233,51,280.549,21,1,1,8,8,7,0
565,1,0,0,0,2017-12-19,179,26,280.549,19,1,0,0,16,7,1
566,0,0,0,1,2017-12-19,225,26,280.549,24,0,1,2,2,7,1
567,0,0,0,1,2017-12-21,225,26,280.549,24,0,1,2,3,7,3
568,0,0,0,1,2017-12-18,225,26,280.549,24,0,1,2,2,7,0
569,0,0,1,0,2017-12-19,155,12,280.549,25,0,2,0,80,7,1
570,1,0,0,0,2018-01-01,179,26,313.532,19,1,0,0,24,7,0
571,1,0,0,0,2018-01-04,179,26,313.532,19,1,0,0,16,7,3
572,0,0,0,1,2018-01-04,179,22,313.532,22,1,2,0,2,7,3
573,0,0,0,1,2018-01-05,179,22,313.532,22,1,2,0,2,7,4
574,1,0,0,0,2018-01-08,179,26,313.532,19,1,0,0,3,7,0
575,0,0,0,1,2018-01-10,179,22,313.532,22,1,2,0,2,7,2
576,1,0,0,0,2018-01-11,289,48,313.532,36,0,0,2,8,7,3
577,0,0,1,0,2018-01-12,179,22,313.532,22,1,2,0,3,7,4
578,0,0,0,1,2018-01-15,179,26,313.532,19,1,0,0,2,7,0
579,0,0,1,0,2018-01-16,155,12,313.532,25,0,2,0,8,7,1
580,0,0,0,1,2018-01-17,179,26,313.532,19,1,0,0,2,7,2
581,0,0,0,1,2018-01-17,179,51,313.532,31,0,0,0,3,7,2
582,1,0,0,0,2018-01-17,289,36,313.532,30,0,2,1,8,7,2
583,0,0,0,1,2018-01-18,179,51,313.532,31,0,0,0,3,7,3
584,0,0,0,1,2018-01-26,179,51,313.532,31,0,0,0,2,7,4
585,1,0,0,0,2018-02-06,179,51,264.249,31,0,0,0,8,7,1
586,0,0,0,1,2018-02-06,225,26,264.249,24,0,1,2,3,7,1
587,1,0,0,0,2018-02-07,248,25,264.249,32,0,2,1,8,7,2
588,0,0,0,1,2018-02-07,179,51,264.249,31,0,0,0,2,7,2
589,0,0,0,1,2018-02-08,225,26,264.249,24,0,1,2,3,7,3
590,0,0,0,1,2018-02-08,179,51,264.249,31,0,0,0,2,7,3
591,0,0,0,1,2018-02-08,179,26,264.249,19,1,0,0,2,7,3
592,0,0,0,1,2018-02-09,225,15,264.249,28,1,2,2,2,7,4
593,0,0,0,1,2018-02-09,179,51,264.249,31,0,0,0,2,7,4
594,0,0,1,0,2018-02-12,233,51,264.249,21,1,1,8,2,7,0
595,0,0,0,1,2018-02-12,179,51,264.249,31,0,0,0,2,7,0
596,1,0,0,0,2018-02-13,225,26,264.249,24,0,1,2,8,7,1
597,0,0,0,1,2018-02-14,179,51,264.249,31,0,0,0,3,7,2
598,0,0,0,1,2018-02-15,179,51,264.249,31,0,0,0,3,7,3
599,0,0,0,1,2018-02-15,225,26,264.249,24,0,1,2,3,7,3
600,1,0,0,0,2018-02-15,179,26,264.249,19,1,0,0,2,7,3
601,0,0,0,1,2018-02-16,179,22,264.249,22,1,2,0,2,7,4
602,0,0,0,1,2018-02-16,179,51,264.249,31,0,0,0,3,7,4
603,1,0,0,0,2018-02-21,233,51,264.249,21,1,1,8,3,7,2
604,0,0,0,1,2018-02-21,179,26,264.249,19,1,0,0,2,7,2
605,0,0,0,1,2018-02-21,179,51,264.249,31,0,0,0,2,7,2
606,1,0,0,0,2018-02-22,179,51,264.249,31,0,0,0,8,7,3
607,0,0,0,1,2018-02-23,179,51,264.249,31,0,0,0,2,7,4
608,0,0,0,1,2018-02-26,155,12,264.249,25,0,2,0,5,7,0
609,0,0,0,1,2018-02-26,235,16,264.249,25,1,0,0,3,7,0
610,0,0,0,1,2018-02-26,179,51,264.249,31,0,0,0,2,7,0
611,1,0,0,0,2018-02-26,225,26,264.249,24,0,1,2,2,7,0
612,0,0,0,1,2018-02-27,179,51,264.249,31,0,0,0,2,7,1
613,0,0,0,1,2018-02-27,248,25,264.249,32,0,2,1,2,7,1
614,0,0,0,1,2018-02-27,225,26,264.249,24,0,1,2,2,7,1
615,0,0,0,1,2018-02-28,179,51,264.249,31,0,0,0,2,7,2
616,0,0,0,1,2018-02-22,179,51,264.249,31,0,0,0,2,7,3
617,0,0,0,1,2018-02-23,235,16,264.249,25,1,0,0,2,7,4
618,0,0,0,1,2018-03-05,179,51,222.196,31,0,0,0,2,7,0
619,0,0,0,1,2018-03-05,248,25,222.196,32,0,2,1,2,7,0
620,0,0,0,1,2018-03-06,228,14,222.196,22,0,2,1,3,7,1
621,0,0,0,1,2018-03-06,248,25,222.196,32,0,2,1,3,7,1
622,1,0,0,0,2018-03-06,228,14,222.196,22,0,2,1,112,7,1
623,0,0,0,1,2018-03-07,179,51,222.196,31,0,0,0,2,7,2
624,0,0,0,1,2018-03-08,225,26,222.196,24,0,1,2,2,7,3
625,0,0,0,1,2018-03-08,179,51,222.196,31,0,0,0,3,7,3
626,0,0,0,1,2018-03-08,225,26,222.196,24,0,1,2,2,7,3
627,0,0,0,1,2018-03-09,179,26,222.196,19,1,0,0,3,7,4
628,0,0,0,1,2018-03-12,235,16,222.196,25,1,0,0,3,7,0
629,0,0,1,0,2018-03-12,361,52,222.196,27,0,1,4,8,7,0
630,1,0,0,0,2018-03-13,179,51,222.196,31,0,0,0,8,7,1
631,0,0,0,1,2018-03-14,179,51,222.196,31,0,0,0,2,7,2
632,0,0,0,1,2018-03-15,179,51,222.196,31,0,0,0,3,7,3
633,0,0,0,1,2018-03-16,179,26,222.196,19,1,0,0,2,7,4
634,1,0,0,0,2018-03-19,179,51,222.196,31,0,0,0,4,7,0
635,1,0,0,0,2018-03-19,248,25,222.196,32,0,2,1,2,7,0
636,0,0,0,1,2018-03-19,179,51,222.196,31,0,0,0,3,7,0
637,1,0,0,0,2018-03-19,225,26,222.196,24,0,1,2,8,7,0
638,0,0,0,1,2018-03-20,179,51,222.196,31,0,0,0,2,7,1
639,0,0,0,1,2018-03-21,289,36,222.196,30,0,2,1,8,7,2
640,0,0,0,1,2018-03-21,228,14,222.196,22,0,2,1,2,7,2
641,0,0,0,1,2018-03-21,179,51,222.196,31,0,0,0,2,7,2
642,0,0,0,1,2018-03-22,248,25,222.196,32,0,2,1,3,7,3
643,0,0,0,1,2018-03-22,179,51,222.196,31,0,0,0,3,7,3
644,0,0,0,1,2018-03-23,179,26,222.196,19,1,0,0,2,7,4
645,0,0,0,1,2018-03-23,179,51,222.196,31,0,0,0,3,7,4
646,0,0,0,1,2018-03-27,179,51,222.196,31,0,0,0,3,7,1
647,0,0,0,1,2018-03-28,118,15,222.196,25,0,2,0,8,7,2
648,1,0,0,0,2018-03-28,155,12,222.196,25,0,2,0,24,7,2
649,0,0,0,1,2018-03-28,179,51,222.196,31,0,0,0,3,7,2
650,0,0,0,1,2018-03-29,179,51,222.196,31,0,0,0,3,7,3
651,1,0,0,0,2018-03-26,179,26,222.196,19,1,0,0,2,7,0
652,0,0,1,0,2018-03-26,289,36,222.196,30,0,2,1,104,7,0
653,0,0,0,1,2018-03-28,369,17,222.196,25,0,3,0,8,7,2
654,1,0,0,0,2018-04-02,225,26,246.288,24,0,1,2,8,7,0
655,1,0,0,0,2018-04-02,118,10,246.288,28,0,0,0,8,7,0
656,0,0,1,0,2018-04-03,361,52,246.288,27,0,1,4,8,7,1
657,0,0,1,0,2018-04-04,248,25,246.288,32,0,2,1,8,7,2
658,1,0,0,0,2018-04-05,189,29,246.288,25,0,2,2,8,7,3
659,0,0,0,1,2018-04-06,179,26,246.288,19,1,0,0,2,7,4
660,1,0,0,0,2018-04-09,369,17,246.288,25,0,3,0,24,7,0
661,0,1,0,0,2018-04-10,179,22,246.288,22,1,2,0,2,7,1
662,0,0,0,1,2018-04-10,118,13,246.288,31,0,1,0,3,7,1
663,0,0,0,1,2018-04-10,361,52,246.288,27,0,1,4,2,7,1
664,1,0,0,0,2018-04-11,118,10,246.288,28,0,0,0,2,7,2
665,0,0,0,1,2018-04-13,235,11,246.288,29,1,1,1,8,7,4
666,0,0,0,1,2018-04-13,179,26,246.288,19,1,0,0,2,7,4
667,0,0,1,0,2018-04-16,225,26,246.288,24,0,1,2,8,7,0
668,0,1,0,0,2018-04-17,235,16,246.288,25,1,0,0,3,7,1
669,0,0,0,1,2018-04-20,179,26,246.288,19,1,0,0,2,7,4
670,0,0,0,1,2018-04-24,155,12,246.288,25,0,2,0,4,7,1
671,0,0,1,0,2018-04-26,225,26,246.288,24,0,1,2,8,7,3
672,1,0,0,0,2018-04-26,118,13,246.288,31,0,1,0,2,7,3
673,0,0,0,1,2018-04-27,179,26,246.288,19,1,0,0,2,7,4
674,0,0,0,1,2018-05-07,235,11,237.656,29,1,1,1,8,7,0
675,0,0,1,0,2018-05-09,225,15,237.656,28,1,2,2,3,7,2
676,0,0,0,1,2018-05-09,235,16,237.656,25,1,0,0,2,7,2
677,1,0,0,0,2018-05-09,118,10,237.656,28,0,0,0,3,7,2
678,0,0,0,1,2018-05-09,235,20,237.656,38,0,1,0,8,7,2
679,1,0,0,0,2018-05-10,179,26,237.656,19,1,0,0,1,7,3
680,0,0,0,1,2018-05-10,291,31,237.656,25,0,1,1,2,7,3
681,1,0,0,0,2018-05-10,225,15,237.656,28,1,2,2,8,7,3
682,0,0,1,0,2018-05-11,300,26,237.656,25,0,2,1,64,7,4
683,0,0,0,1,2018-05-11,225,15,237.656,28,1,2,2,8,7,4
684,0,0,0,1,2018-05-11,179,26,237.656,19,1,0,0,2,7,4
685,0,0,0,1,2018-05-14,118,13,237.656,31,0,1,0,2,7,0
686,1,0,0,0,2018-05-15,118,13,237.656,31,0,1,0,3,7,1
687,0,0,0,1,2018-05-15,118,10,237.656,28,0,0,0,1,7,1
688,0,0,0,0,2018-05-15,118,13,237.656,31,0,1,0,0,7,1
689,0,0,0,1,2018-05-16,179,26,237.656,19,1,0,0,2,7,2
690,0,0,0,0,2018-05-16,378,49,237.656,21,0,2,4,0,7,2
691,0,1,0,0,2018-05-18,179,22,237.656,22,1,2,0,1,7,4
692,1,0,0,0,2018-05-21,155,12,237.656,25,0,2,0,48,7,0
693,1,0,0,0,2018-05-21,235,16,237.656,25,1,0,0,8,7,0
694,0,0,0,1,2018-05-23,291,31,237.656,25,0,1,1,8,7,2
695,1,0,0,0,2018-05-23,179,22,237.656,22,1,2,0,8,7,2
696,1,0,0,0,2018-05-23,225,26,237.656,24,0,1,2,3,7,2
697,1,0,0,0,2018-05-24,330,16,237.656,25,1,0,0,8,7,3
698,0,0,0,1,2018-05-24,235,16,237.656,25,1,0,0,2,7,3
699,0,0,0,1,2018-05-31,291,31,237.656,25,0,1,1,2,7,3
